"date","close"
2009-09-17,1.4714
2009-09-18,1.47422
2009-09-21,1.4698
2009-09-22,1.46755
2009-09-23,1.47876
2009-09-24,1.4733
2009-09-25,1.46565
2009-09-28,1.4694
2009-09-29,1.46195
2009-09-30,1.4585
2009-10-01,1.46316
2009-10-02,1.45353
2009-10-05,1.46031
2009-10-06,1.46473
2009-10-07,1.47202
2009-10-08,1.46873
2009-10-09,1.47907
2009-10-12,1.47222
2009-10-13,1.47724
2009-10-14,1.48536
2009-10-15,1.49253
2009-10-16,1.49404
2009-10-19,1.49048
2009-10-20,1.49676
2009-10-21,1.49368
2009-10-22,1.50091
2009-10-23,1.50231
2009-10-26,1.49914
2009-10-27,1.48688
2009-10-28,1.48
2009-10-29,1.47067
2009-10-30,1.48296
2009-11-02,1.47134
2009-11-03,1.47676
2009-11-04,1.47138
2009-11-05,1.48723
2009-11-06,1.48762
2009-11-09,1.48811
2009-11-10,1.49898
2009-11-11,1.49773
2009-11-12,1.49818
2009-11-13,1.48386
2009-11-16,1.49172
2009-11-17,1.49761
2009-11-18,1.48693
2009-11-19,1.49583
2009-11-20,1.49153
2009-11-23,1.48551
2009-11-24,1.49645
2009-11-25,1.49617
2009-11-26,1.51403
2009-11-27,1.50147
2009-11-30,1.5009
2009-12-01,1.5011
2009-12-02,1.50854
2009-12-03,1.50439
2009-12-04,1.50731
2009-12-07,1.4856
2009-12-08,1.48144
2009-12-09,1.47005
2009-12-10,1.47305
2009-12-11,1.47306
2009-12-14,1.46191
2009-12-15,1.46495
2009-12-16,1.45307
2009-12-17,1.45313
2009-12-18,1.4341
2009-12-21,1.43169
2009-12-22,1.42811
2009-12-23,1.42505
2009-12-24,1.43253
2009-12-25,1.43716
2009-12-28,1.43916
2009-12-29,1.43799
2009-12-30,1.43471
2009-12-31,1.43346
2010-01-01,1.43117
2010-01-04,1.43011
2010-01-05,1.4407
2010-01-06,1.43667
2010-01-07,1.44134
2010-01-08,1.43188
2010-01-11,1.44225
2010-01-12,1.45181
2010-01-13,1.44906
2010-01-14,1.45082
2010-01-15,1.44974
2010-01-18,1.43525
2010-01-19,1.43813
2010-01-20,1.43005
2010-01-21,1.41005
2010-01-22,1.40952
2010-01-25,1.41454
2010-01-26,1.41505
2010-01-27,1.40767
2010-01-28,1.40201
2010-01-29,1.3964
2010-02-01,1.38637
2010-02-02,1.39342
2010-02-03,1.39633
2010-02-04,1.38968
2010-02-05,1.37402
2010-02-08,1.36606
2010-02-09,1.36581
2010-02-10,1.37855
2010-02-11,1.37274
2010-02-12,1.36814
2010-02-15,1.36152
2010-02-16,1.35981
2010-02-17,1.37683
2010-02-18,1.361
2010-02-19,1.361
2010-02-22,1.36357
2010-02-23,1.35974
2010-02-24,1.35063
2010-02-25,1.35339
2010-02-26,1.35566
2010-03-01,1.36196
2010-03-02,1.35594
2010-03-03,1.36038
2010-03-04,1.36982
2010-03-05,1.35821
2010-03-08,1.36328
2010-03-09,1.36269
2010-03-10,1.35977
2010-03-11,1.36493
2010-03-12,1.36781
2010-03-15,1.37744
2010-03-16,1.36705
2010-03-17,1.37641
2010-03-18,1.37366
2010-03-19,1.36063
2010-03-22,1.35363
2010-03-23,1.35543
2010-03-24,1.34987
2010-03-25,1.33052
2010-03-26,1.32725
2010-03-29,1.34725
2010-03-30,1.34784
2010-03-31,1.34085
2010-04-01,1.35108
2010-04-02,1.35821
2010-04-05,1.34971
2010-04-06,1.34845
2010-04-07,1.33957
2010-04-08,1.33402
2010-04-09,1.33594
2010-04-12,1.36607
2010-04-13,1.35914
2010-04-14,1.3606
2010-04-15,1.36488
2010-04-16,1.35772
2010-04-19,1.3468
2010-04-20,1.34863
2010-04-21,1.34354
2010-04-22,1.3388
2010-04-23,1.32891
2010-04-26,1.33395
2010-04-27,1.33871
2010-04-28,1.3165
2010-04-29,1.32127
2010-04-30,1.32274
2010-05-03,1.33466
2010-05-04,1.31888
2010-05-05,1.29793
2010-05-06,1.27944
2010-05-07,1.26237
2010-05-10,1.29034
2010-05-11,1.2784
2010-05-12,1.26596
2010-05-13,1.26128
2010-05-14,1.25286
2010-05-17,1.23423
2010-05-18,1.23955
2010-05-19,1.21882
2010-05-20,1.24246
2010-05-21,1.24834
2010-05-24,1.25359
2010-05-25,1.23671
2010-05-26,1.23442
2010-05-27,1.21727
2010-05-28,1.23618
2010-05-31,1.22629
2010-06-01,1.23048
2010-06-02,1.22266
2010-06-03,1.22516
2010-06-04,1.21631
2010-06-07,1.19256
2010-06-08,1.19144
2010-06-09,1.19686
2010-06-10,1.19835
2010-06-11,1.2119
2010-06-14,1.21275
2010-06-15,1.22206
2010-06-16,1.23253
2010-06-17,1.23073
2010-06-18,1.23827
2010-06-21,1.24472
2010-06-22,1.23163
2010-06-23,1.22668
2010-06-24,1.23071
2010-06-25,1.2337
2010-06-28,1.23694
2010-06-29,1.22748
2010-06-30,1.2188
2010-07-01,1.22327
2010-07-02,1.25245
2010-07-05,1.25559
2010-07-06,1.25352
2010-07-07,1.26201
2010-07-08,1.26358
2010-07-09,1.26925
2010-07-12,1.26322
2010-07-13,1.25862
2010-07-14,1.2723
2010-07-15,1.27402
2010-07-16,1.29382
2010-07-19,1.29025
2010-07-20,1.29383
2010-07-21,1.28817
2010-07-22,1.27526
2010-07-23,1.28933
2010-07-26,1.28944
2010-07-27,1.2994
2010-07-28,1.29942
2010-07-29,1.29892
2010-07-30,1.30743
2010-08-02,1.3061
2010-08-03,1.3174
2010-08-04,1.32275
2010-08-05,1.31582
2010-08-06,1.31864
2010-08-09,1.32914
2010-08-10,1.3225
2010-08-11,1.31747
2010-08-12,1.28558
2010-08-13,1.28269
2010-08-16,1.27626
2010-08-17,1.28253
2010-08-18,1.28828
2010-08-19,1.28478
2010-08-20,1.28209
2010-08-23,1.27017
2010-08-24,1.26543
2010-08-25,1.26235
2010-08-26,1.26582
2010-08-27,1.27135
2010-08-30,1.27552
2010-08-31,1.26613
2010-09-01,1.26771
2010-09-02,1.28088
2010-09-03,1.28203
2010-09-06,1.2889
2010-09-07,1.2872
2010-09-08,1.26777
2010-09-09,1.27195
2010-09-10,1.26915
2010-09-13,1.27111
2010-09-14,1.28813
2010-09-15,1.29945
2010-09-16,1.30035
2010-09-17,1.30775
2010-09-20,1.30594
2010-09-21,1.30596
2010-09-22,1.32574
2010-09-23,1.34022
2010-09-24,1.33113
2010-09-27,1.34845
2010-09-28,1.34484
2010-09-29,1.35833
2010-09-30,1.36258
2010-10-01,1.36307
2010-10-04,1.38015
2010-10-05,1.36806
2010-10-06,1.38354
2010-10-07,1.39299
2010-10-08,1.39253
2010-10-11,1.399
2010-10-12,1.38743
2010-10-13,1.39223
2010-10-14,1.39584
2010-10-15,1.40795
2010-10-18,1.39873
2010-10-19,1.3942
2010-10-20,1.3725
2010-10-21,1.3968
2010-10-22,1.39184
2010-10-25,1.39678
2010-10-26,1.39658
2010-10-27,1.38569
2010-10-28,1.37678
2010-10-29,1.39271
2010-11-01,1.3958
2010-11-02,1.38914
2010-11-03,1.40328
2010-11-04,1.41344
2010-11-05,1.42065
2010-11-08,1.40561
2010-11-09,1.39186
2010-11-10,1.37695
2010-11-11,1.37802
2010-11-12,1.36555
2010-11-15,1.37029
2010-11-16,1.35705
2010-11-17,1.34885
2010-11-18,1.35164
2010-11-19,1.36353
2010-11-22,1.37128
2010-11-23,1.3622
2010-11-24,1.33715
2010-11-25,1.33288
2010-11-26,1.33558
2010-11-29,1.32802
2010-11-30,1.31214
2010-12-01,1.2982
2010-12-02,1.31425
2010-12-03,1.32238
2010-12-06,1.3379
2010-12-07,1.33118
2010-12-08,1.32698
2010-12-09,1.32618
2010-12-10,1.32425
2010-12-13,1.31929
2010-12-14,1.33907
2010-12-15,1.33834
2010-12-16,1.32111
2010-12-17,1.32318
2010-12-20,1.31819
2010-12-21,1.31194
2010-12-22,1.30973
2010-12-23,1.3101
2010-12-24,1.31183
2010-12-27,1.31102
2010-12-28,1.31557
2010-12-29,1.31172
2010-12-30,1.32203
2010-12-31,1.3286
2011-01-03,1.33429
2011-01-04,1.3353
2011-01-05,1.32975
2011-01-06,1.31518
2011-01-07,1.30165
2011-01-10,1.28745
2011-01-11,1.29513
2011-01-12,1.29801
2011-01-13,1.3132
2011-01-14,1.33528
2011-01-17,1.3378
2011-01-18,1.32882
2011-01-19,1.33786
2011-01-20,1.34686
2011-01-21,1.34798
2011-01-24,1.36348
2011-01-25,1.36443
2011-01-26,1.36848
2011-01-27,1.3692
2011-01-28,1.37332
2011-01-31,1.35914
2011-02-01,1.36864
2011-02-02,1.38331
2011-02-03,1.38059
2011-02-04,1.36313
2011-02-07,1.35633
2011-02-08,1.35858
2011-02-09,1.36326
2011-02-10,1.37298
2011-02-11,1.35936
2011-02-14,1.35192
2011-02-15,1.34825
2011-02-16,1.34858
2011-02-17,1.35677
2011-02-18,1.36029
2011-02-21,1.36955
2011-02-22,1.36761
2011-02-23,1.36532
2011-02-24,1.37457
2011-02-25,1.38008
2011-02-28,1.37556
2011-03-01,1.38039
2011-03-02,1.3772
2011-03-03,1.38663
2011-03-04,1.3957
2011-03-07,1.39913
2011-03-08,1.39727
2011-03-09,1.39013
2011-03-10,1.39065
2011-03-11,1.37853
2011-03-14,1.39654
2011-03-15,1.39906
2011-03-16,1.39984
2011-03-17,1.39039
2011-03-18,1.40204
2011-03-21,1.419
2011-03-22,1.42218
2011-03-23,1.41958
2011-03-24,1.40831
2011-03-25,1.41766
2011-03-28,1.40438
2011-03-29,1.40852
2011-03-30,1.41093
2011-03-31,1.41248
2011-04-01,1.41579
2011-04-04,1.42321
2011-04-05,1.42199
2011-04-06,1.42204
2011-04-07,1.43308
2011-04-08,1.43056
2011-04-11,1.44679
2011-04-12,1.44356
2011-04-13,1.44745
2011-04-14,1.4445
2011-04-15,1.44875
2011-04-18,1.44136
2011-04-19,1.42293
2011-04-20,1.43336
2011-04-21,1.45216
2011-04-22,1.45521
2011-04-25,1.45564
2011-04-26,1.45814
2011-04-27,1.46375
2011-04-28,1.47806
2011-04-29,1.48214
2011-05-02,1.48132
2011-05-03,1.48273
2011-05-04,1.48252
2011-05-05,1.48167
2011-05-06,1.45366
2011-05-09,1.43608
2011-05-10,1.43601
2011-05-11,1.44086
2011-05-12,1.41907
2011-05-13,1.42442
2011-05-16,1.40884
2011-05-17,1.41556
2011-05-18,1.42358
2011-05-19,1.42433
2011-05-20,1.43087
2011-05-23,1.41317
2011-05-24,1.40442
2011-05-25,1.40966
2011-05-26,1.40851
2011-05-27,1.41406
2011-05-30,1.43123
2011-05-31,1.4281
2011-06-01,1.43937
2011-06-02,1.43251
2011-06-03,1.44948
2011-06-06,1.46081
2011-06-07,1.45725
2011-06-08,1.46913
2011-06-09,1.4584
2011-06-10,1.45072
2011-06-13,1.43241
2011-06-14,1.44131
2011-06-15,1.44394
2011-06-16,1.41703
2011-06-17,1.42009
2011-06-20,1.42758
2011-06-21,1.43056
2011-06-22,1.44116
2011-06-23,1.43522
2011-06-24,1.42507
2011-06-27,1.41877
2011-06-28,1.42839
2011-06-29,1.4372
2011-06-30,1.44357
2011-07-01,1.44994
2011-07-04,1.45302
2011-07-05,1.45368
2011-07-06,1.44241
2011-07-07,1.43192
2011-07-08,1.43588
2011-07-11,1.42056
2011-07-12,1.40274
2011-07-13,1.39663
2011-07-14,1.41988
2011-07-15,1.41413
2011-07-18,1.41071
2011-07-19,1.41164
2011-07-20,1.41531
2011-07-21,1.42142
2011-07-22,1.44349
2011-07-25,1.43889
2011-07-26,1.43751
2011-07-27,1.45097
2011-07-28,1.43663
2011-07-29,1.43326
2011-08-01,1.438
2011-08-02,1.42479
2011-08-03,1.41943
2011-08-04,1.43216
2011-08-05,1.40965
2011-08-08,1.44233
2011-08-09,1.4169
2011-08-10,1.43737
2011-08-11,1.41747
2011-08-12,1.42439
2011-08-15,1.42666
2011-08-16,1.44417
2011-08-17,1.44029
2011-08-18,1.4425
2011-08-19,1.43257
2011-08-22,1.43751
2011-08-23,1.4357
2011-08-24,1.44382
2011-08-25,1.44134
2011-08-26,1.43791
2011-08-29,1.45023
2011-08-30,1.45099
2011-08-31,1.44443
2011-09-01,1.43749
2011-09-02,1.42581
2011-09-05,1.41651
2011-09-06,1.40964
2011-09-07,1.39945
2011-09-08,1.40973
2011-09-09,1.38848
2011-09-12,1.35901
2011-09-13,1.36752
2011-09-14,1.36791
2011-09-15,1.37474
2011-09-16,1.38749
2011-09-19,1.36996
2011-09-20,1.36849
2011-09-21,1.37036
2011-09-22,1.3565
2011-09-23,1.34626
2011-09-26,1.35177
2011-09-27,1.35372
2011-09-28,1.35861
2011-09-29,1.3544
2011-09-30,1.35911
2011-10-03,1.33521
2011-10-04,1.31799
2011-10-05,1.33522
2011-10-06,1.33382
2011-10-07,1.34361
2011-10-10,1.3387
2011-10-11,1.36439
2011-10-12,1.36445
2011-10-13,1.37847
2011-10-14,1.37749
2011-10-17,1.38653
2011-10-18,1.37391
2011-10-19,1.3757
2011-10-20,1.3757
2011-10-21,1.37736
2011-10-24,1.38558
2011-10-25,1.39285
2011-10-26,1.39073
2011-10-27,1.39004
2011-10-28,1.41922
2011-10-31,1.41392
2011-11-01,1.38538
2011-11-02,1.36945
2011-11-03,1.37447
2011-11-04,1.38234
2011-11-07,1.38167
2011-11-08,1.37757
2011-11-09,1.38381
2011-11-10,1.35502
2011-11-11,1.36051
2011-11-14,1.37978
2011-11-15,1.36286
2011-11-16,1.35268
2011-11-17,1.34711
2011-11-18,1.34616
2011-11-21,1.35145
2011-11-22,1.35011
2011-11-23,1.35083
2011-11-24,1.33359
2011-11-25,1.33457
2011-11-28,1.33068
2011-11-29,1.33075
2011-11-30,1.33286
2011-12-01,1.3437
2011-12-02,1.34608
2011-12-05,1.34098
2011-12-06,1.33975
2011-12-07,1.33986
2011-12-08,1.34065
2011-12-09,1.33488
2011-12-12,1.33779
2011-12-13,1.3185
2011-12-14,1.30301
2011-12-15,1.2982
2011-12-16,1.30128
2011-12-19,1.30394
2011-12-20,1.29984
2011-12-21,1.30784
2011-12-22,1.30464
2011-12-23,1.30476
2011-12-26,1.30389
2011-12-27,1.30599
2011-12-28,1.30666
2011-12-29,1.29336
2011-12-30,1.29597
2012-01-02,1.29355
2012-01-03,1.29273
2012-01-04,1.30524
2012-01-05,1.29417
2012-01-06,1.27945
2012-01-09,1.27036
2012-01-10,1.27744
2012-01-11,1.27749
2012-01-12,1.27063
2012-01-13,1.28275
2012-01-16,1.26473
2012-01-17,1.2662
2012-01-18,1.27335
2012-01-19,1.28563
2012-01-20,1.29551
2012-01-23,1.28869
2012-01-24,1.30303
2012-01-25,1.30242
2012-01-26,1.31104
2012-01-27,1.31043
2012-01-30,1.32239
2012-01-31,1.31273
2012-02-01,1.308
2012-02-02,1.31542
2012-02-03,1.31455
2012-02-06,1.31265
2012-02-07,1.31312
2012-02-08,1.32599
2012-02-09,1.32578
2012-02-10,1.32819
2012-02-13,1.32033
2012-02-14,1.3195
2012-02-15,1.31177
2012-02-16,1.30665
2012-02-17,1.31391
2012-02-20,1.31739
2012-02-21,1.32383
2012-02-22,1.32412
2012-02-23,1.3242
2012-02-24,1.33694
2012-02-27,1.34594
2012-02-28,1.33976
2012-02-29,1.3466
2012-03-01,1.33212
2012-03-02,1.33092
2012-03-05,1.3191
2012-03-06,1.32197
2012-03-07,1.31121
2012-03-08,1.31461
2012-03-09,1.32684
2012-03-12,1.31045
2012-03-13,1.31547
2012-03-14,1.30837
2012-03-15,1.30323
2012-03-16,1.30779
2012-03-19,1.31741
2012-03-20,1.3238
2012-03-21,1.32206
2012-03-22,1.32133
2012-03-23,1.31975
2012-03-26,1.32685
2012-03-27,1.33545
2012-03-28,1.33165
2012-03-29,1.33157
2012-03-30,1.33004
2012-04-02,1.33618
2012-04-03,1.33214
2012-04-04,1.32292
2012-04-05,1.31407
2012-04-06,1.3064
2012-04-09,1.31001
2012-04-10,1.31068
2012-04-11,1.30777
2012-04-12,1.31075
2012-04-13,1.31853
2012-04-16,1.30672
2012-04-17,1.31372
2012-04-18,1.31273
2012-04-19,1.3121
2012-04-20,1.31339
2012-04-23,1.3189
2012-04-24,1.31539
2012-04-25,1.3194
2012-04-26,1.32206
2012-04-27,1.32195
2012-04-30,1.32368
2012-05-01,1.32377
2012-05-02,1.3236
2012-05-03,1.3156
2012-05-04,1.31509
2012-05-07,1.30232
2012-05-08,1.30501
2012-05-09,1.30055
2012-05-10,1.29261
2012-05-11,1.29424
2012-05-14,1.29015
2012-05-15,1.28224
2012-05-16,1.27273
2012-05-17,1.27118
2012-05-18,1.26916
2012-05-21,1.27647
2012-05-22,1.28153
2012-05-23,1.26868
2012-05-24,1.25822
2012-05-25,1.25322
2012-05-28,1.25668
2012-05-29,1.25412
2012-05-30,1.25033
2012-05-31,1.23663
2012-06-01,1.23629
2012-06-04,1.24162
2012-06-05,1.24959
2012-06-06,1.24549
2012-06-07,1.25802
2012-06-08,1.25581
2012-06-11,1.26351
2012-06-12,1.24752
2012-06-13,1.2503
2012-06-14,1.25613
2012-06-15,1.26321
2012-06-18,1.26998
2012-06-19,1.25768
2012-06-20,1.26838
2012-06-21,1.27052
2012-06-22,1.2543
2012-06-25,1.2547
2012-06-26,1.25017
2012-06-27,1.24928
2012-06-28,1.2468
2012-06-29,1.24431
2012-07-02,1.26771
2012-07-03,1.25804
2012-07-04,1.26063
2012-07-05,1.25246
2012-07-06,1.23921
2012-07-09,1.22683
2012-07-10,1.23158
2012-07-11,1.22523
2012-07-12,1.22352
2012-07-13,1.22008
2012-07-16,1.2267
2012-07-17,1.22715
2012-07-18,1.2289
2012-07-19,1.22796
2012-07-20,1.22792
2012-07-23,1.21245
2012-07-24,1.21179
2012-07-25,1.20631
2012-07-26,1.21532
2012-07-27,1.22808
2012-07-30,1.22988
2012-07-31,1.22596
2012-08-01,1.23017
2012-08-02,1.22247
2012-08-03,1.21787
2012-08-06,1.23973
2012-08-07,1.24011
2012-08-08,1.23956
2012-08-09,1.23624
2012-08-10,1.23045
2012-08-13,1.22891
2012-08-14,1.23313
2012-08-15,1.23204
2012-08-16,1.22878
2012-08-17,1.23541
2012-08-20,1.23366
2012-08-21,1.23459
2012-08-22,1.24705
2012-08-23,1.25279
2012-08-24,1.25631
2012-08-27,1.25079
2012-08-28,1.24971
2012-08-29,1.25638
2012-08-30,1.25294
2012-08-31,1.25052
2012-09-03,1.25741
2012-09-04,1.25917
2012-09-05,1.25641
2012-09-06,1.26005
2012-09-07,1.26315
2012-09-10,1.28076
2012-09-11,1.2757
2012-09-12,1.28489
2012-09-13,1.2899
2012-09-14,1.29868
2012-09-17,1.31234
2012-09-18,1.3116
2012-09-19,1.30463
2012-09-20,1.30468
2012-09-21,1.29675
2012-09-24,1.29822
2012-09-25,1.29315
2012-09-26,1.29047
2012-09-27,1.28708
2012-09-28,1.29144
2012-10-01,1.28441
2012-10-02,1.28874
2012-10-03,1.29168
2012-10-04,1.29023
2012-10-05,1.30199
2012-10-08,1.3024
2012-10-09,1.29668
2012-10-10,1.28797
2012-10-11,1.28711
2012-10-12,1.29271
2012-10-15,1.29517
2012-10-16,1.29478
2012-10-17,1.30536
2012-10-18,1.31188
2012-10-19,1.30669
2012-10-22,1.30187
2012-10-23,1.30601
2012-10-24,1.29852
2012-10-25,1.29719
2012-10-26,1.29337
2012-10-29,1.29417
2012-10-30,1.29032
2012-10-31,1.29564
2012-11-01,1.29593
2012-11-02,1.29419
2012-11-05,1.28197
2012-11-06,1.27899
2012-11-07,1.28159
2012-11-08,1.27672
2012-11-09,1.27477
2012-11-12,1.27113
2012-11-13,1.27099
2012-11-14,1.27039
2012-11-15,1.2734
2012-11-16,1.27718
2012-11-19,1.2748
2012-11-20,1.28102
2012-11-21,1.28185
2012-11-22,1.28251
2012-11-23,1.28814
2012-11-26,1.29713
2012-11-27,1.29681
2012-11-28,1.2933
2012-11-29,1.29398
2012-11-30,1.29745
2012-12-03,1.29899
2012-12-04,1.30531
2012-12-05,1.30957
2012-12-06,1.3071
2012-12-07,1.29687
2012-12-10,1.28903
2012-12-11,1.29416
2012-12-12,1.30053
2012-12-13,1.30659
2012-12-14,1.30773
2012-12-17,1.31843
2012-12-18,1.31626
2012-12-19,1.32218
2012-12-20,1.32411
2012-12-21,1.32439
2012-12-24,1.3174
2012-12-25,1.31895
2012-12-26,1.31865
2012-12-27,1.32259
2012-12-28,1.32405
2012-12-31,1.32149
2013-01-01,1.31933
2013-01-02,1.31954
2013-01-03,1.31852
2013-01-04,1.3053
2013-01-07,1.30735
2013-01-08,1.31143
2013-01-09,1.30829
2013-01-10,1.30637
2013-01-11,1.32515
2013-01-14,1.33561
2013-01-15,1.33802
2013-01-16,1.3309
2013-01-17,1.32861
2013-01-18,1.33764
2013-01-21,1.33156
2013-01-22,1.33123
2013-01-23,1.33174
2013-01-24,1.33203
2013-01-25,1.3371
2013-01-28,1.34657
2013-01-29,1.34531
2013-01-30,1.34928
2013-01-31,1.35653
2013-02-01,1.35791
2013-02-04,1.36513
2013-02-05,1.35143
2013-02-06,1.35777
2013-02-07,1.35204
2013-02-08,1.33993
2013-02-11,1.33665
2013-02-12,1.3397
2013-02-13,1.34517
2013-02-14,1.34461
2013-02-15,1.33582
2013-02-18,1.33521
2013-02-19,1.33511
2013-02-20,1.33902
2013-02-21,1.32789
2013-02-22,1.31902
2013-02-25,1.32101
2013-02-26,1.3064
2013-02-27,1.30608
2013-02-28,1.31336
2013-03-01,1.30574
2013-03-04,1.30157
2013-03-05,1.30194
2013-03-06,1.3043
2013-03-07,1.29902
2013-03-08,1.31029
2013-03-11,1.29865
2013-03-12,1.30446
2013-03-13,1.30314
2013-03-14,1.29582
2013-03-15,1.30038
2013-03-18,1.29085
2013-03-19,1.29547
2013-03-20,1.28708
2013-03-21,1.29322
2013-03-22,1.28966
2013-03-25,1.29457
2013-03-26,1.28538
2013-03-27,1.28602
2013-03-28,1.27795
2013-03-29,1.2815
2013-04-01,1.28077
2013-04-02,1.28422
2013-04-03,1.28207
2013-04-04,1.28466
2013-04-05,1.29346
2013-04-08,1.29902
2013-04-09,1.3009
2013-04-10,1.30817
2013-04-11,1.30703
2013-04-12,1.31012
2013-04-15,1.31108
2013-04-16,1.30395
2013-04-17,1.31774
2013-04-18,1.30333
2013-04-19,1.30502
2013-04-22,1.30733
2013-04-23,1.30659
2013-04-24,1.29999
2013-04-25,1.30147
2013-04-26,1.30096
2013-04-29,1.30512
2013-04-30,1.30988
2013-05-01,1.31663
2013-05-02,1.31795
2013-05-03,1.30634
2013-05-06,1.31193
2013-05-07,1.30756
2013-05-08,1.30775
2013-05-09,1.31549
2013-05-10,1.30384
2013-05-13,1.29899
2013-05-14,1.29711
2013-05-15,1.29257
2013-05-16,1.28858
2013-05-17,1.28779
2013-05-20,1.28397
2013-05-21,1.28828
2013-05-22,1.29052
2013-05-23,1.28568
2013-05-24,1.29318
2013-05-27,1.29355
2013-05-28,1.29279
2013-05-29,1.28551
2013-05-30,1.29389
2013-05-31,1.30483
2013-06-03,1.29929
2013-06-04,1.30752
2013-06-05,1.30789
2013-06-06,1.30914
2013-06-07,1.32444
2013-06-10,1.31927
2013-06-11,1.3256
2013-06-12,1.33101
2013-06-13,1.33333
2013-06-14,1.33724
2013-06-17,1.33471
2013-06-18,1.3365
2013-06-19,1.33937
2013-06-20,1.32951
2013-06-21,1.32207
2013-06-24,1.30984
2013-06-25,1.31225
2013-06-26,1.30821
2013-06-27,1.30138
2013-06-28,1.30337
2013-07-01,1.30139
2013-07-02,1.30621
2013-07-03,1.29808
2013-07-04,1.30093
2013-07-05,1.29151
2013-07-08,1.28134
2013-07-09,1.28675
2013-07-10,1.2784
2013-07-11,1.2967
2013-07-12,1.30964
2013-07-15,1.30752
2013-07-16,1.30607
2013-07-17,1.31601
2013-07-18,1.31216
2013-07-19,1.31099
2013-07-22,1.3139
2013-07-23,1.31849
2013-07-24,1.32248
2013-07-25,1.31978
2013-07-26,1.32755
2013-07-29,1.32816
2013-07-30,1.32632
2013-07-31,1.32622
2013-08-01,1.32986
2013-08-02,1.32092
2013-08-05,1.32795
2013-08-06,1.32584
2013-08-07,1.33039
2013-08-08,1.33372
2013-08-09,1.3382
2013-08-12,1.33276
2013-08-13,1.32984
2013-08-14,1.32631
2013-08-15,1.32546
2013-08-16,1.33486
2013-08-19,1.33331
2013-08-20,1.33373
2013-08-21,1.34179
2013-08-22,1.33522
2013-08-23,1.33547
2013-08-26,1.33818
2013-08-27,1.33693
2013-08-28,1.33917
2013-08-29,1.3339
2013-08-30,1.32404
2013-09-02,1.32128
2013-09-03,1.31934
2013-09-04,1.31709
2013-09-05,1.3207
2013-09-06,1.31179
2013-09-09,1.31672
2013-09-10,1.32534
2013-09-11,1.32674
2013-09-12,1.33092
2013-09-13,1.33006
2013-09-16,1.33684
2013-09-17,1.3336
2013-09-18,1.33561
2013-09-19,1.35224
2013-09-20,1.35306
2013-09-23,1.35468
2013-09-24,1.34929
2013-09-25,1.3472
2013-09-26,1.35247
2013-09-27,1.3488
2013-09-30,1.3495
2013-10-01,1.3528
2013-10-02,1.35257
2013-10-03,1.35817
2013-10-04,1.36213
2013-10-07,1.35648
2013-10-08,1.35805
2013-10-09,1.3573
2013-10-10,1.35217
2013-10-11,1.35201
2013-10-14,1.35615
2013-10-15,1.35606
2013-10-16,1.35268
2013-10-17,1.35295
2013-10-18,1.36772
2013-10-21,1.36839
2013-10-22,1.36793
2013-10-23,1.37809
2013-10-24,1.37763
2013-10-25,1.3799
2013-10-28,1.38058
2013-10-29,1.37863
2013-10-30,1.37453
2013-10-31,1.37357
2013-11-01,1.35843
2013-11-04,1.3489
2013-11-05,1.35185
2013-11-06,1.34736
2013-11-07,1.35213
2013-11-08,1.34173
2013-11-11,1.33573
2013-11-12,1.34121
2013-11-13,1.34347
2013-11-14,1.34602
2013-11-15,1.34586
2013-11-18,1.34979
2013-11-19,1.3504
2013-11-20,1.35376
2013-11-21,1.34325
2013-11-22,1.3469
2013-11-25,1.35487
2013-11-26,1.35175
2013-11-27,1.35716
2013-11-28,1.35735
2013-11-29,1.36045
2013-12-02,1.35905
2013-12-03,1.35395
2013-12-04,1.35915
2013-12-05,1.35903
2013-12-06,1.36687
2013-12-09,1.37117
2013-12-10,1.37392
2013-12-11,1.37672
2013-12-12,1.3785
2013-12-13,1.37484
2013-12-16,1.37292
2013-12-17,1.37652
2013-12-18,1.37638
2013-12-19,1.3692
2013-12-20,1.36586
2013-12-23,1.36704
2013-12-24,1.36957
2013-12-25,1.36736
2013-12-26,1.36748
2013-12-27,1.36915
2013-12-30,1.37557
2013-12-31,1.37988
2014-01-01,1.3755
2014-01-02,1.3741
2014-01-03,1.36676
2014-01-06,1.35926
2014-01-07,1.36348
2014-01-08,1.36155
2014-01-09,1.35802
2014-01-10,1.36051
2014-01-13,1.36737
2014-01-14,1.36751
2014-01-15,1.368
2014-01-16,1.36043
2014-01-17,1.36166
2014-01-20,1.35355
2014-01-21,1.35643
2014-01-22,1.3559
2014-01-23,1.3545
2014-01-24,1.3695
2014-01-27,1.36762
2014-01-28,1.3673
2014-01-29,1.36702
2014-01-30,1.36559
2014-01-31,1.3551
2014-02-03,1.34821
2014-02-04,1.35273
2014-02-05,1.35135
2014-02-06,1.35362
2014-02-07,1.3592
2014-02-10,1.3617
2014-02-11,1.36452
2014-02-12,1.36396
2014-02-13,1.35922
2014-02-14,1.3679
2014-02-17,1.37078
2014-02-18,1.37046
2014-02-19,1.37564
2014-02-20,1.37357
2014-02-21,1.37187
2014-02-24,1.37342
2014-02-25,1.37348
2014-02-26,1.37395
2014-02-27,1.3685
2014-02-28,1.37076
2014-03-03,1.37673
2014-03-04,1.37333
2014-03-05,1.37365
2014-03-06,1.37315
2014-03-07,1.38576
2014-03-10,1.3875
2014-03-11,1.38756
2014-03-12,1.38588
2014-03-13,1.39042
2014-03-14,1.38669
2014-03-17,1.39058
2014-03-18,1.39231
2014-03-19,1.39306
2014-03-20,1.38272
2014-03-21,1.37786
2014-03-24,1.38015
2014-03-25,1.38376
2014-03-26,1.38255
2014-03-27,1.37825
2014-03-28,1.37408
2014-03-31,1.37611
2014-04-01,1.37718
2014-04-02,1.37927
2014-04-03,1.37646
2014-04-04,1.37182
2014-04-07,1.36987
2014-04-08,1.37413
2014-04-09,1.37957
2014-04-10,1.38542
2014-04-11,1.38881
2014-04-14,1.38545
2014-04-15,1.38209
2014-04-16,1.38131
2014-04-17,1.38145
2014-04-18,1.3815
2014-04-21,1.38157
2014-04-22,1.37938
2014-04-23,1.3805
2014-04-24,1.38158
2014-04-25,1.38306
2014-04-28,1.38431
2014-04-29,1.38513
2014-04-30,1.38117
2014-05-01,1.38675
2014-05-02,1.38669
2014-05-05,1.3882
2014-05-06,1.3876
2014-05-07,1.39292
2014-05-08,1.39111
2014-05-09,1.38387
2014-05-12,1.37555
2014-05-13,1.37573
2014-05-14,1.37013
2014-05-15,1.3713
2014-05-16,1.37107
2014-05-19,1.36949
2014-05-20,1.37089
2014-05-21,1.36994
2014-05-22,1.3686
2014-05-23,1.36559
2014-05-26,1.36192
2014-05-27,1.36455
2014-05-28,1.36353
2014-05-29,1.35915
2014-05-30,1.36036
2014-06-02,1.36351
2014-06-03,1.35972
2014-06-04,1.36278
2014-06-05,1.35989
2014-06-06,1.36621
2014-06-09,1.36433
2014-06-10,1.35919
2014-06-11,1.35458
2014-06-12,1.35331
2014-06-13,1.35524
2014-06-16,1.35382
2014-06-17,1.35726
2014-06-18,1.35465
2014-06-19,1.359
2014-06-20,1.36065
2014-06-23,1.35951
2014-06-24,1.3603
2014-06-25,1.36068
2014-06-26,1.36293
2014-06-27,1.36108
2014-06-30,1.3644
2014-07-01,1.36923
2014-07-02,1.36793
2014-07-03,1.36586
2014-07-04,1.36099
2014-07-07,1.35962
2014-07-08,1.36047
2014-07-09,1.36114
2014-07-10,1.36411
2014-07-11,1.36071
2014-07-14,1.36021
2014-07-15,1.36193
2014-07-16,1.35693
2014-07-17,1.35244
2014-07-18,1.35269
2014-07-21,1.35281
2014-07-22,1.35232
2014-07-23,1.34658
2014-07-24,1.34633
2014-07-25,1.34639
2014-07-28,1.34307
2014-07-29,1.34381
2014-07-30,1.34085
2014-07-31,1.33958
2014-08-01,1.33893
2014-08-04,1.34314
2014-08-05,1.34222
2014-08-06,1.33755
2014-08-07,1.33835
2014-08-08,1.33622
2014-08-11,1.34074
2014-08-12,1.33845
2014-08-13,1.33672
2014-08-14,1.33653
2014-08-15,1.33646
2014-08-18,1.33934
2014-08-19,1.33636
2014-08-20,1.33175
2014-08-21,1.3259
2014-08-22,1.32802
2014-08-25,1.32025
2014-08-26,1.31917
2014-08-27,1.31679
2014-08-28,1.31933
2014-08-29,1.31817
2014-09-01,1.31298
2014-09-02,1.31278
2014-09-03,1.31319
2014-09-04,1.315
2014-09-05,1.29406
2014-09-08,1.29573
2014-09-09,1.28941
2014-09-10,1.29433
2014-09-11,1.29152
2014-09-12,1.29252
2014-09-15,1.29682
2014-09-16,1.29388
2014-09-17,1.29593
2014-09-18,1.28599
2014-09-19,1.2924
2014-09-22,1.28311
2014-09-23,1.28473
2014-09-24,1.28469
2014-09-25,1.27801
2014-09-26,1.27499
2014-09-29,1.26817
2014-09-30,1.26859
2014-10-01,1.26294
2014-10-02,1.26181
2014-10-03,1.26692
2014-10-06,1.25121
2014-10-07,1.26533
2014-10-08,1.26686
2014-10-09,1.2737
2014-10-10,1.26912
2014-10-13,1.26287
2014-10-14,1.27563
2014-10-15,1.266
2014-10-16,1.28328
2014-10-17,1.28061
2014-10-20,1.27525
2014-10-21,1.28003
2014-10-22,1.27166
2014-10-23,1.26471
2014-10-24,1.26473
2014-10-27,1.26768
2014-10-28,1.26995
2014-10-29,1.27339
2014-10-30,1.26301
2014-10-31,1.26129
2014-11-03,1.25075
2014-11-04,1.24897
2014-11-05,1.25476
2014-11-06,1.24846
2014-11-07,1.2376
2014-11-10,1.24677
2014-11-11,1.24207
2014-11-12,1.24758
2014-11-13,1.24344
2014-11-14,1.24769
2014-11-17,1.25249
2014-11-18,1.24521
2014-11-19,1.25358
2014-11-20,1.25426
2014-11-21,1.25439
2014-11-24,1.23644
2014-11-25,1.24398
2014-11-26,1.24735
2014-11-27,1.25087
2014-11-28,1.2466
2014-12-01,1.24457
2014-12-02,1.24718
2014-12-03,1.23845
2014-12-04,1.23089
2014-12-05,1.2384
2014-12-08,1.22832
2014-12-09,1.23106
2014-12-10,1.23694
2014-12-11,1.24433
2014-12-12,1.23921
2014-12-15,1.2472
2014-12-16,1.24348
2014-12-17,1.25114
2014-12-18,1.23419
2014-12-19,1.22851
2014-12-22,1.22235
2014-12-23,1.22242
2014-12-24,1.21684
2014-12-25,1.22027
2014-12-26,1.22273
2014-12-29,1.21798
2014-12-30,1.21496
2014-12-31,1.21562
2015-01-01,1.20996
2015-01-02,1.20976
2015-01-05,1.19253
2015-01-06,1.19373
2015-01-07,1.18984
2015-01-08,1.18346
2015-01-09,1.17921
2015-01-12,1.18502
2015-01-13,1.1834
2015-01-14,1.17713
2015-01-15,1.17896
2015-01-16,1.16143
2015-01-19,1.15545
2015-01-20,1.1606
2015-01-21,1.15556
2015-01-22,1.15938
2015-01-23,1.1339
2015-01-26,1.11555
2015-01-27,1.12545
2015-01-28,1.13736
2015-01-29,1.12866
2015-01-30,1.13228
2015-02-02,1.13112
2015-02-03,1.13377
2015-02-04,1.14807
2015-02-05,1.13852
2015-02-06,1.14823
2015-02-09,1.12982
2015-02-10,1.13289
2015-02-11,1.13153
2015-02-12,1.12943
2015-02-13,1.14064
2015-02-16,1.13969
2015-02-17,1.13453
2015-02-18,1.14151
2015-02-19,1.13943
2015-02-20,1.13622
2015-02-23,1.13911
2015-02-24,1.13306
2015-02-25,1.13449
2015-02-26,1.13651
2015-02-27,1.11965
2015-03-02,1.11812
2015-03-03,1.11816
2015-03-04,1.11738
2015-03-05,1.10775
2015-03-06,1.10262
2015-03-09,1.08289
2015-03-10,1.08519
2015-03-11,1.06802
2015-03-12,1.05468
2015-03-13,1.06333
2015-03-16,1.04738
2015-03-17,1.05683
2015-03-18,1.05909
2015-03-19,1.08727
2015-03-20,1.06577
2015-03-23,1.08383
2015-03-24,1.0947
2015-03-25,1.09195
2015-03-26,1.09696
2015-03-27,1.08757
2015-03-30,1.08858
2015-03-31,1.08275
2015-04-01,1.07357
2015-04-02,1.07632
2015-04-03,1.0881
2015-04-06,1.09927
2015-04-07,1.09241
2015-04-08,1.08128
2015-04-09,1.078
2015-04-10,1.06578
2015-04-13,1.0589
2015-04-14,1.05704
2015-04-15,1.06512
2015-04-16,1.06837
2015-04-17,1.07634
2015-04-20,1.08186
2015-04-21,1.0743
2015-04-22,1.07341
2015-04-23,1.07204
2015-04-24,1.0823
2015-04-27,1.08627
2015-04-28,1.0891
2015-04-29,1.09777
2015-04-30,1.11281
2015-05-01,1.12198
2015-05-04,1.11929
2015-05-05,1.11457
2015-05-06,1.1185
2015-05-07,1.13472
2015-05-08,1.12628
2015-05-11,1.11999
2015-05-12,1.11551
2015-05-13,1.12134
2015-05-14,1.13527
2015-05-15,1.14108
2015-05-18,1.1448
2015-05-19,1.13128
2015-05-20,1.11493
2015-05-21,1.1094
2015-05-22,1.1115
2015-05-25,1.10052
2015-05-26,1.09767
2015-05-27,1.08746
2015-05-28,1.0903
2015-05-29,1.09532
2015-06-01,1.09831
2015-06-02,1.09242
2015-06-03,1.11505
2015-06-04,1.12709
2015-06-05,1.12322
2015-06-08,1.11006
2015-06-09,1.12912
2015-06-10,1.128
2015-06-11,1.13256
2015-06-12,1.12567
2015-06-15,1.12115
2015-06-16,1.12807
2015-06-17,1.12446
2015-06-18,1.13378
2015-06-19,1.13654
2015-06-22,1.1375
2015-06-23,1.13363
2015-06-24,1.11612
2015-06-25,1.12037
2015-06-26,1.12021
2015-06-29,1.10031
2015-06-30,1.1238
2015-07-01,1.11375
2015-07-02,1.10515
2015-07-03,1.10818
2015-07-06,1.09792
2015-07-07,1.10531
2015-07-08,1.10103
2015-07-09,1.10757
2015-07-10,1.10359
2015-07-13,1.10977
2015-07-14,1.10006
2015-07-15,1.10075
2015-07-16,1.09484
2015-07-17,1.08754
2015-07-20,1.08313
2015-07-21,1.08209
2015-07-22,1.09376
2015-07-23,1.0925
2015-07-24,1.09814
2015-07-27,1.09764
2015-07-28,1.10911
2015-07-29,1.10598
2015-07-30,1.09835
2015-07-31,1.0933
2015-08-03,1.09785
2015-08-04,1.09506
2015-08-05,1.08835
2015-08-06,1.09048
2015-08-07,1.09235
2015-08-10,1.09629
2015-08-11,1.10184
2015-08-12,1.10423
2015-08-13,1.11613
2015-08-14,1.11508
2015-08-17,1.11153
2015-08-18,1.10783
2015-08-19,1.10257
2015-08-20,1.11184
2015-08-21,1.12389
2015-08-24,1.13758
2015-08-25,1.1606
2015-08-26,1.15205
2015-08-27,1.1313
2015-08-28,1.12436
2015-08-31,1.11743
2015-09-01,1.12112
2015-09-02,1.13173
2015-09-03,1.12243
2015-09-04,1.11234
2015-09-07,1.11628
2015-09-08,1.11678
2015-09-09,1.12017
2015-09-10,1.12088
2015-09-11,1.12776
2015-09-14,1.1327
2015-09-15,1.13186
2015-09-16,1.12664
2015-09-17,1.12904
2015-09-18,1.14287
2015-09-21,1.12827
2015-09-22,1.11887
2015-09-23,1.11261
2015-09-24,1.11831
2015-09-25,1.12052
2015-09-28,1.1193
2015-09-29,1.12433
2015-09-30,1.12496
2015-10-01,1.11747
2015-10-02,1.11912
2015-10-05,1.12199
2015-10-06,1.11874
2015-10-07,1.12726
2015-10-08,1.12364
2015-10-09,1.12763
2015-10-12,1.13607
2015-10-13,1.13591
2015-10-14,1.13802
2015-10-15,1.14732
2015-10-16,1.13847
2015-10-19,1.13553
2015-10-20,1.13302
2015-10-21,1.13456
2015-10-22,1.13383
2015-10-23,1.11048
2015-10-26,1.10062
2015-10-27,1.10545
2015-10-28,1.10454
2015-10-29,1.09232
2015-10-30,1.0978
2015-11-02,1.10315
2015-11-03,1.1014
2015-11-04,1.09633
2015-11-05,1.08595
2015-11-06,1.08792
2015-11-09,1.07324
2015-11-10,1.0754
2015-11-11,1.07179
2015-11-12,1.07412
2015-11-13,1.08136
2015-11-16,1.07377
2015-11-17,1.06845
2015-11-18,1.06416
2015-11-19,1.06535
2015-11-20,1.07372
2015-11-23,1.06389
2015-11-24,1.06279
2015-11-25,1.06488
2015-11-26,1.06172
2015-11-27,1.06061
2015-11-30,1.05902
2015-12-01,1.05672
2015-12-02,1.06317
2015-12-03,1.06201
2015-12-04,1.09473
2015-12-07,1.08688
2015-12-08,1.08379
2015-12-09,1.08966
2015-12-10,1.1018
2015-12-11,1.09416
2015-12-14,1.09845
2015-12-15,1.09871
2015-12-16,1.0925
2015-12-17,1.09037
2015-12-18,1.08157
2015-12-21,1.08509
2015-12-22,1.09219
2015-12-23,1.09507
2015-12-24,1.0917
2015-12-25,1.09629
2015-12-28,1.09527
2015-12-29,1.09731
2015-12-30,1.09344
2015-12-31,1.09313
2016-01-01,1.08643
2016-01-04,1.08711
2016-01-05,1.08309
2016-01-06,1.07489
2016-01-07,1.07885
2016-01-08,1.09393
2016-01-11,1.09198
2016-01-12,1.0856
2016-01-13,1.08534
2016-01-14,1.08767
2016-01-15,1.08619
2016-01-18,1.09175
2016-01-19,1.08991
2016-01-20,1.0909
2016-01-21,1.08881
2016-01-22,1.08812
2016-01-25,1.07915
2016-01-26,1.08521
2016-01-27,1.08523
2016-01-28,1.08875
2016-01-29,1.09437
2016-02-01,1.08317
2016-02-02,1.08905
2016-02-03,1.09181
2016-02-04,1.11119
2016-02-05,1.12083
2016-02-08,1.11438
2016-02-09,1.11865
2016-02-10,1.12923
2016-02-11,1.12931
2016-02-12,1.13225
2016-02-15,1.1241
2016-02-16,1.11548
2016-02-17,1.11423
2016-02-18,1.11296
2016-02-19,1.10927
2016-02-22,1.1116
2016-02-23,1.10265
2016-02-24,1.10146
2016-02-25,1.10092
2016-02-26,1.10253
2016-02-29,1.09168
2016-03-01,1.08794
2016-03-02,1.08646
2016-03-03,1.08688
2016-03-04,1.09639
2016-03-07,1.0992
2016-03-08,1.10125
2016-03-09,1.10061
2016-03-10,1.10051
2016-03-11,1.1179
2016-03-14,1.11397
2016-03-15,1.11015
2016-03-16,1.1108
2016-03-17,1.12263
2016-03-18,1.13141
2016-03-21,1.12668
2016-03-22,1.12393
2016-03-23,1.1217
2016-03-24,1.11757
2016-03-25,1.11777
2016-03-28,1.11602
2016-03-29,1.11943
2016-03-30,1.12903
2016-03-31,1.1337
2016-04-01,1.13787
2016-04-04,1.13993
2016-04-05,1.13933
2016-04-06,1.13848
2016-04-07,1.13982
2016-04-08,1.13765
2016-04-11,1.141
2016-04-12,1.14076
2016-04-13,1.13831
2016-04-14,1.1276
2016-04-15,1.12637
2016-04-18,1.12999
2016-04-19,1.13114
2016-04-20,1.13587
2016-04-21,1.12967
2016-04-22,1.12863
2016-04-25,1.1218
2016-04-26,1.12641
2016-04-27,1.12995
2016-04-28,1.13205
2016-04-29,1.13521
2016-05-02,1.14607
2016-05-03,1.15306
2016-05-04,1.14966
2016-05-05,1.14848
2016-05-06,1.14035
2016-05-09,1.13972
2016-05-10,1.13807
2016-05-11,1.13706
2016-05-12,1.14253
2016-05-13,1.13737
2016-05-16,1.13109
2016-05-17,1.13199
2016-05-18,1.13147
2016-05-19,1.12168
2016-05-20,1.12017
2016-05-23,1.12106
2016-05-24,1.12183
2016-05-25,1.11417
2016-05-26,1.11551
2016-05-27,1.11941
2016-05-30,1.11138
2016-05-31,1.11376
2016-06-01,1.11303
2016-06-02,1.11882
2016-06-03,1.11493
2016-06-06,1.13556
2016-06-07,1.13545
2016-06-08,1.13577
2016-06-09,1.13942
2016-06-10,1.13153
2016-06-13,1.12489
2016-06-14,1.12917
2016-06-15,1.12045
2016-06-16,1.12598
2016-06-17,1.12254
2016-06-20,1.13321
2016-06-21,1.13128
2016-06-22,1.12452
2016-06-23,1.13102
2016-06-24,1.13948
2016-06-27,1.10169
2016-06-28,1.10203
2016-06-29,1.10656
2016-06-30,1.11222
2016-07-01,1.1103
2016-07-04,1.11324
2016-07-05,1.11533
2016-07-06,1.10723
2016-07-07,1.11002
2016-07-08,1.10612
2016-07-11,1.1049
2016-07-12,1.10564
2016-07-13,1.10608
2016-07-14,1.10886
2016-07-15,1.11187
2016-07-18,1.10498
2016-07-19,1.10752
2016-07-20,1.10189
2016-07-21,1.1013
2016-07-22,1.10254
2016-07-25,1.09734
2016-07-26,1.09927
2016-07-27,1.09848
2016-07-28,1.10698
2016-07-29,1.10789
2016-08-01,1.11716
2016-08-02,1.11609
2016-08-03,1.12227
2016-08-04,1.11498
2016-08-05,1.11274
2016-08-08,1.10846
2016-08-09,1.10845
2016-08-10,1.11126
2016-08-11,1.11811
2016-08-12,1.11364
2016-08-15,1.11685
2016-08-16,1.11825
2016-08-17,1.1277
2016-08-18,1.12883
2016-08-19,1.13504
2016-08-22,1.13142
2016-08-23,1.13207
2016-08-24,1.13053
2016-08-25,1.12654
2016-08-26,1.12819
2016-08-29,1.11827
2016-08-30,1.11884
2016-08-31,1.11424
2016-09-01,1.11569
2016-09-02,1.11976
2016-09-05,1.11561
2016-09-06,1.11464
2016-09-07,1.12545
2016-09-08,1.12391
2016-09-09,1.12597
2016-09-12,1.12318
2016-09-13,1.12349
2016-09-14,1.12173
2016-09-15,1.12487
2016-09-16,1.12434
2016-09-19,1.11533
2016-09-20,1.1174
2016-09-21,1.11514
2016-09-22,1.1193
2016-09-23,1.1208
2016-09-26,1.12244
2016-09-27,1.1253
2016-09-28,1.12161
2016-09-29,1.12152
2016-09-30,1.1221
2016-10-03,1.12335
2016-10-04,1.12114
2016-10-05,1.12024
2016-10-06,1.1205
2016-10-07,1.11501
2016-10-10,1.11884
2016-10-11,1.11367
2016-10-12,1.10528
2016-10-13,1.101
2016-10-14,1.10575
2016-10-17,1.09693
2016-10-18,1.09994
2016-10-19,1.09788
2016-10-20,1.09734
2016-10-21,1.09283
2016-10-24,1.08822
2016-10-25,1.08785
2016-10-26,1.08871
2016-10-27,1.09074
2016-10-28,1.08975
2016-10-31,1.09844
2016-11-01,1.09805
2016-11-02,1.10546
2016-11-03,1.1096
2016-11-04,1.11059
2016-11-07,1.10832
2016-11-08,1.10427
2016-11-09,1.10185
2016-11-10,1.09123
2016-11-11,1.0884
2016-11-14,1.08368
2016-11-15,1.07318
2016-11-16,1.07301
2016-11-17,1.06823
2016-11-18,1.06216
2016-11-21,1.05917
2016-11-22,1.06297
2016-11-23,1.06276
2016-11-24,1.05525
2016-11-25,1.05549
2016-11-28,1.06048
2016-11-29,1.06044
2016-11-30,1.06473
2016-12-01,1.05976
2016-12-02,1.06663
2016-12-05,1.05927
2016-12-06,1.07647
2016-12-07,1.07195
2016-12-08,1.07631
2016-12-09,1.0615
2016-12-12,1.05388
2016-12-13,1.06345
2016-12-14,1.06235
2016-12-15,1.05238
2016-12-16,1.04127
2016-12-19,1.0437
2016-12-20,1.03976
2016-12-21,1.03881
2016-12-22,1.04311
2016-12-23,1.04369
2016-12-26,1.04405
2016-12-27,1.04561
2016-12-28,1.04553
2016-12-29,1.04069
2016-12-30,1.04832
2017-01-02,1.05175
2017-01-03,1.04558
2017-01-04,1.04052
2017-01-05,1.04868
2017-01-06,1.06013
2017-01-09,1.05307
2017-01-10,1.0567
2017-01-11,1.05606
2017-01-12,1.05764
2017-01-13,1.06212
2017-01-16,1.06272
2017-01-17,1.05989
2017-01-18,1.07059
2017-01-19,1.06349
2017-01-20,1.06599
2017-01-23,1.06992
2017-01-24,1.07429
2017-01-25,1.07313
2017-01-26,1.07498
2017-01-27,1.0677
2017-01-30,1.07149
2017-01-31,1.06948
2017-02-01,1.07941
2017-02-02,1.07699
2017-02-03,1.0763
2017-02-06,1.07899
2017-02-07,1.07507
2017-02-08,1.0686
2017-02-09,1.06882
2017-02-10,1.06633
2017-02-13,1.06349
2017-02-14,1.05966
2017-02-15,1.05753
2017-02-16,1.06031
2017-02-17,1.06725
2017-02-20,1.06078
2017-02-21,1.06144
2017-02-22,1.0542
2017-02-23,1.05679
2017-02-24,1.0584
2017-02-27,1.05626
2017-02-28,1.05893
2017-03-01,1.05824
2017-03-02,1.05464
2017-03-03,1.05063
2017-03-06,1.06072
2017-03-07,1.05835
2017-03-08,1.05692
2017-03-09,1.05429
2017-03-10,1.05834
2017-03-13,1.06785
2017-03-14,1.0653
2017-03-15,1.06036
2017-03-16,1.07295
2017-03-17,1.07624
2017-03-20,1.07371
2017-03-21,1.07382
2017-03-22,1.08087
2017-03-23,1.07948
2017-03-24,1.07816
2017-03-27,1.08297
2017-03-28,1.08636
2017-03-29,1.08105
2017-03-30,1.07658
2017-03-31,1.06759
2017-04-03,1.06617
2017-04-04,1.06694
2017-04-05,1.0672
2017-04-06,1.06636
2017-04-07,1.06435
2017-04-10,1.0588
2017-04-11,1.05952
2017-04-12,1.06062
2017-04-13,1.06639
2017-04-14,1.06165
2017-04-17,1.06132
2017-04-18,1.06497
2017-04-19,1.07283
2017-04-20,1.07089
2017-04-21,1.07176
2017-04-24,1.09005
2017-04-25,1.08681
2017-04-26,1.09301
2017-04-27,1.0903
2017-04-28,1.08714
2017-05-01,1.08909
2017-05-02,1.08988
2017-05-03,1.09278
2017-05-04,1.08858
2017-05-05,1.09818
2017-05-08,1.10165
2017-05-09,1.09207
2017-05-10,1.0871
2017-05-11,1.08677
2017-05-12,1.08623
2017-05-15,1.09318
2017-05-16,1.09761
2017-05-17,1.10835
2017-05-18,1.11584
2017-05-19,1.11025
2017-05-22,1.11978
2017-05-23,1.12391
2017-05-24,1.11822
2017-05-25,1.12182
2017-05-26,1.12071
2017-05-29,1.11681
2017-05-30,1.1164
2017-05-31,1.11878
2017-06-01,1.12462
2017-06-02,1.12139
2017-06-05,1.12708
2017-06-06,1.12556
2017-06-07,1.12768
2017-06-08,1.12602
2017-06-09,1.12243
2017-06-12,1.12064
2017-06-13,1.12038
2017-06-14,1.12076
2017-06-15,1.12181
2017-06-16,1.11442
2017-06-19,1.12054
2017-06-20,1.11472
2017-06-21,1.11308
2017-06-22,1.11672
2017-06-23,1.11529
2017-06-26,1.1195
2017-06-27,1.1182
2017-06-28,1.13362
2017-06-29,1.13779
2017-06-30,1.14406
2017-07-03,1.1417
2017-07-04,1.13623
2017-07-05,1.13426
2017-07-06,1.13498
2017-07-07,1.14227
2017-07-10,1.13974
2017-07-11,1.13986
2017-07-12,1.14655
2017-07-13,1.14129
2017-07-14,1.13983
2017-07-17,1.14674
2017-07-18,1.14765
2017-07-19,1.15541
2017-07-20,1.1514
2017-07-21,1.16307
2017-07-24,1.16634
2017-07-25,1.16412
2017-07-26,1.16477
2017-07-27,1.17338
2017-07-28,1.16769
2017-07-31,1.17534
2017-08-01,1.18409
2017-08-02,1.18009
2017-08-03,1.18556
2017-08-04,1.18714
2017-08-07,1.17732
2017-08-08,1.17924
2017-08-09,1.17521
2017-08-10,1.17571
2017-08-11,1.17718
2017-08-14,1.18219
2017-08-15,1.17795
2017-08-16,1.17342
2017-08-17,1.17666
2017-08-18,1.17182
2017-08-21,1.17609
2017-08-22,1.18154
2017-08-23,1.17605
2017-08-24,1.18087
2017-08-25,1.17995
2017-08-28,1.19442
2017-08-29,1.19781
2017-08-30,1.19716
2017-08-31,1.18836
2017-09-01,1.19074
2017-09-04,1.18796
2017-09-05,1.18965
2017-09-06,1.19145
2017-09-07,1.19173
2017-09-08,1.20236
2017-09-11,1.20185
2017-09-12,1.19528
2017-09-13,1.19664
2017-09-14,1.1884
2017-09-15,1.19167
2017-09-18,1.19247
2017-09-19,1.19525
2017-09-20,1.19934
2017-09-21,1.18943
2017-09-22,1.194
2017-09-25,1.18998
2017-09-26,1.18466
2017-09-27,1.17911
2017-09-28,1.17484
2017-09-29,1.17859
2017-10-02,1.17955
2017-10-03,1.17345
2017-10-04,1.17433
2017-10-05,1.17608
2017-10-06,1.17113
2017-10-09,1.17366
2017-10-10,1.17403
2017-10-11,1.18093
2017-10-12,1.18609
2017-10-13,1.18282
2017-10-16,1.18111
2017-10-17,1.17971
2017-10-18,1.17665
2017-10-19,1.1788
2017-10-20,1.18487
2017-10-23,1.17658
2017-10-24,1.17488
2017-10-25,1.17615
2017-10-26,1.18133
2017-10-27,1.16544
2017-10-30,1.16064
2017-10-31,1.16498
2017-11-01,1.16449
2017-11-02,1.16189
2017-11-03,1.16575
2017-11-06,1.16122
2017-11-07,1.16102
2017-11-08,1.15901
2017-11-09,1.15981
2017-11-10,1.16412
2017-11-13,1.16566
2017-11-14,1.16668
2017-11-15,1.1795
2017-11-16,1.17919
2017-11-17,1.17687
2017-11-20,1.1786
2017-11-21,1.17305
2017-11-22,1.17351
2017-11-23,1.18234
2017-11-24,1.18495
2017-11-27,1.19291
2017-11-28,1.18998
2017-11-29,1.18435
2017-11-30,1.1854
2017-12-01,1.19035
2017-12-04,1.18632
2017-12-05,1.18583
2017-12-06,1.18243
2017-12-07,1.17947
2017-12-08,1.17743
2017-12-11,1.17659
2017-12-12,1.17727
2017-12-13,1.1746
2017-12-14,1.18239
2017-12-15,1.17865
2017-12-18,1.17438
2017-12-19,1.17803
2017-12-20,1.18419
2017-12-21,1.18764
2017-12-22,1.18743
2017-12-25,1.18607
2017-12-26,1.18755
2017-12-27,1.18628
2017-12-28,1.18943
2017-12-29,1.1942
2018-01-01,1.19985
2018-01-02,1.19985
2018-01-03,1.20617
2018-01-04,1.20111
2018-01-05,1.20681
2018-01-08,1.20277
2018-01-09,1.19673
2018-01-10,1.19388
2018-01-11,1.19582
2018-01-12,1.20325
2018-01-15,1.21972
2018-01-16,1.22691
2018-01-17,1.22649
2018-01-18,1.2207
2018-01-19,1.22378
2018-01-22,1.2265
2018-01-23,1.22593
2018-01-24,1.22957
2018-01-25,1.24005
2018-01-26,1.2419
2018-01-29,1.24234
2018-01-30,1.23814
2018-01-31,1.23945
2018-02-01,1.24123
2018-02-02,1.25161
2018-02-05,1.24319
2018-02-06,1.23864
2018-02-07,1.23715
2018-02-08,1.22625
2018-02-09,1.22452
2018-02-12,1.22435
2018-02-13,1.22905
2018-02-14,1.23579
2018-02-15,1.24573
2018-02-16,1.24997
2018-02-19,1.24018
2018-02-20,1.2406
2018-02-21,1.23361
2018-02-22,1.22945
2018-02-23,1.2327
2018-02-26,1.22927
2018-02-27,1.23136
2018-02-28,1.22315
2018-03-01,1.22009
2018-03-02,1.22655
2018-03-05,1.23324
2018-03-06,1.23336
2018-03-07,1.24034
2018-03-08,1.2413
2018-03-09,1.23111
2018-03-12,1.23122
2018-03-13,1.2335
2018-03-14,1.23901
2018-03-15,1.23678
2018-03-16,1.23059
2018-03-19,1.22863
2018-03-20,1.2335
2018-03-21,1.22412
2018-03-22,1.23424
2018-03-23,1.23025
2018-03-26,1.23493
2018-03-27,1.24483
2018-03-28,1.24023
2018-03-29,1.23059
2018-03-30,1.22996
2018-04-02,1.23172
2018-04-03,1.23039
2018-04-04,1.22697
2018-04-05,1.22795
2018-04-06,1.2237
2018-04-09,1.22808
2018-04-10,1.23186
2018-04-11,1.23525
2018-04-12,1.23648
2018-04-13,1.23274
2018-04-16,1.23248
2018-04-17,1.23791
2018-04-18,1.23713
2018-04-19,1.23763
2018-04-20,1.23442
2018-04-23,1.22768
2018-04-24,1.22075
2018-04-25,1.22325
2018-04-26,1.2162
2018-04-27,1.21038
2018-04-30,1.21245
2018-05-01,1.2076
2018-05-02,1.1993
2018-05-03,1.19505
2018-05-04,1.1988
2018-05-07,1.19582
2018-05-08,1.19237
2018-05-09,1.18622
2018-05-10,1.18469
2018-05-11,1.19141
2018-05-14,1.19395
2018-05-15,1.19238
2018-05-16,1.18401
2018-05-17,1.1807
2018-05-18,1.17942
2018-05-21,1.17708
2018-05-22,1.17882
2018-05-23,1.17789
2018-05-24,1.16985
2018-05-25,1.17213
2018-05-28,1.16817
2018-05-29,1.16239
2018-05-30,1.15363
2018-05-31,1.1665
2018-06-01,1.16901
2018-06-04,1.16584
2018-06-05,1.1695
2018-06-06,1.17126
2018-06-07,1.17748
2018-06-08,1.17999
2018-06-11,1.17738
2018-06-12,1.17836
2018-06-13,1.17448
2018-06-14,1.17873
2018-06-15,1.1568
2018-06-18,1.15866
2018-06-19,1.16222
2018-06-20,1.15883
2018-06-21,1.15744
2018-06-22,1.16025
2018-06-25,1.16648
2018-06-26,1.17006
2018-06-27,1.16452
2018-06-28,1.15569
2018-06-29,1.15688
2018-07-02,1.16849
2018-07-03,1.16382
2018-07-04,1.16572
2018-07-05,1.16561
2018-07-06,1.16882
2018-07-09,1.17387
2018-07-10,1.17532
2018-07-11,1.17351
2018-07-12,1.16732
2018-07-13,1.16702
2018-07-16,1.1685
2018-07-17,1.17108
2018-07-18,1.16601
2018-07-19,1.16404
2018-07-20,1.16428
2018-07-23,1.17279
2018-07-24,1.16911
2018-07-25,1.16824
2018-07-26,1.17306
2018-07-27,1.16418
2018-07-30,1.16536
2018-07-31,1.17046
2018-08-01,1.16919
2018-08-02,1.16591
2018-08-03,1.15841
2018-08-06,1.15671
2018-08-07,1.15523
2018-08-08,1.15979
2018-08-09,1.16118
2018-08-10,1.15296
2018-08-13,1.13776
2018-08-14,1.14106
2018-08-15,1.13432
2018-08-16,1.13461
2018-08-17,1.13749
2018-08-20,1.14379
2018-08-21,1.14801
2018-08-22,1.15683
2018-08-23,1.15954
2018-08-24,1.15375
2018-08-27,1.16193
2018-08-28,1.1678
2018-08-29,1.16966
2018-08-30,1.17063
2018-08-31,1.16673
2018-09-03,1.15965
2018-09-04,1.16171
2018-09-05,1.15813
2018-09-06,1.16322
2018-09-07,1.162
2018-09-10,1.15504
2018-09-11,1.15939
2018-09-12,1.16052
2018-09-13,1.1626
2018-09-14,1.16898
2018-09-17,1.16233
2018-09-18,1.16851
2018-09-19,1.16679
2018-09-20,1.16728
2018-09-21,1.17772
2018-09-24,1.17401
2018-09-25,1.17489
2018-09-26,1.1764
2018-09-27,1.17425
2018-09-28,1.16396
2018-10-01,1.1616
2018-10-02,1.15781
2018-10-03,1.1545
2018-10-04,1.14804
2018-10-05,1.1515
2018-10-08,1.15215
2018-10-09,1.14904
2018-10-10,1.14902
2018-10-11,1.15216
2018-10-12,1.15893
2018-10-15,1.15412
2018-10-16,1.15805
2018-10-17,1.15725
2018-10-18,1.15007
2018-10-19,1.14521
2018-10-22,1.15163
2018-10-23,1.1465
2018-10-24,1.14709
2018-10-25,1.13933
2018-10-26,1.13727
2018-10-29,1.13941
2018-10-30,1.13727
2018-10-31,1.13419
2018-11-01,1.13107
2018-11-02,1.14054
2018-11-05,1.13885
2018-11-06,1.1409
2018-11-07,1.1416
2018-11-08,1.14415
2018-11-09,1.13602
2018-11-12,1.13242
2018-11-13,1.12334
2018-11-14,1.12824
2018-11-15,1.13197
2018-11-16,1.13323
2018-11-19,1.14137
2018-11-20,1.14503
2018-11-21,1.13665
2018-11-22,1.13842
2018-11-23,1.1405
2018-11-26,1.13401
2018-11-27,1.13337
2018-11-28,1.1295
2018-11-29,1.13686
2018-11-30,1.13893
2018-12-03,1.13417
2018-12-04,1.13487
2018-12-05,1.13406
2018-12-06,1.1345
2018-12-07,1.13827
2018-12-10,1.13922
2018-12-11,1.13547
2018-12-12,1.13217
2018-12-13,1.13657
2018-12-14,1.1362
2018-12-17,1.1304
2018-12-18,1.13462
2018-12-19,1.13634
2018-12-20,1.13691
2018-12-21,1.14561
2018-12-24,1.13705
2018-12-25,1.14028
2018-12-26,1.13988
2018-12-27,1.13492
2018-12-28,1.14402
2018-12-31,1.14363
2019-01-01,1.14571
2019-01-02,1.14627
2019-01-03,1.13416
2019-01-04,1.13982
2019-01-07,1.13954
2019-01-08,1.14738
2019-01-09,1.1441
2019-01-10,1.15522
2019-01-11,1.14996
2019-01-14,1.14596
2019-01-15,1.14695
2019-01-16,1.14125
2019-01-17,1.13951
2019-01-18,1.13916
2019-01-21,1.13618
2019-01-22,1.13684
2019-01-23,1.13577
2019-01-24,1.13826
2019-01-25,1.13081
2019-01-28,1.1402
2019-01-29,1.14276
2019-01-30,1.14343
2019-01-31,1.14786
2019-02-01,1.14457
2019-02-04,1.14523
2019-02-05,1.14339
2019-02-06,1.14123
2019-02-07,1.13664
2019-02-08,1.13457
2019-02-11,1.13201
2019-02-12,1.1277
2019-02-13,1.13316
2019-02-14,1.12659
2019-02-15,1.12916
2019-02-18,1.12924
2019-02-19,1.13136
2019-02-20,1.13418
2019-02-21,1.13406
2019-02-22,1.13348
2019-02-25,1.13287
2019-02-26,1.13614
2019-02-27,1.13914
2019-02-28,1.13705
2019-03-01,1.13734
2019-03-04,1.13773
2019-03-05,1.13418
2019-03-06,1.13067
2019-03-07,1.131
2019-03-08,1.11827
2019-03-11,1.12315
2019-03-12,1.12438
2019-03-13,1.12862
2019-03-14,1.13276
2019-03-15,1.13017
2019-03-18,1.13217
2019-03-19,1.13364
2019-03-20,1.13517
2019-03-21,1.14131
2019-03-22,1.13752
2019-03-25,1.13004
2019-03-26,1.13108
2019-03-27,1.12641
2019-03-28,1.12445
2019-03-29,1.12226
2019-04-01,1.12275
2019-04-02,1.12074
2019-04-03,1.12025
2019-04-04,1.12334
2019-04-05,1.122
2019-04-08,1.12155
2019-04-09,1.12616
2019-04-10,1.12624
2019-04-11,1.12728
2019-04-12,1.12537
2019-04-15,1.13041
2019-04-16,1.13032
2019-04-17,1.12837
2019-04-18,1.12942
2019-04-19,1.1229
2019-04-22,1.12408
2019-04-23,1.1257
2019-04-24,1.12235
2019-04-25,1.11527
2019-04-26,1.11306
2019-04-29,1.11457
2019-04-30,1.11846
2019-05-01,1.1215
2019-05-02,1.11956
2019-05-03,1.11731
2019-05-06,1.11746
2019-05-07,1.11941
2019-05-08,1.11896
2019-05-09,1.11903
2019-05-10,1.12151
2019-05-13,1.1232
2019-05-14,1.12207
2019-05-15,1.12033
2019-05-16,1.12013
2019-05-17,1.11745
2019-05-20,1.11599
2019-05-21,1.11653
2019-05-22,1.11594
2019-05-23,1.11509
2019-05-24,1.11744
2019-05-27,1.12099
2019-05-28,1.11914
2019-05-29,1.11614
2019-05-30,1.11317
2019-05-31,1.1129
2019-06-03,1.11644
2019-06-04,1.12412
2019-06-05,1.1252
2019-06-06,1.12216
2019-06-07,1.12766
2019-06-10,1.13244
2019-06-11,1.13118
2019-06-12,1.13266
2019-06-13,1.12883
2019-06-14,1.12774
2019-06-17,1.12103
2019-06-18,1.12182
2019-06-19,1.11934
2019-06-20,1.1227
2019-06-21,1.12931
2019-06-24,1.13713
2019-06-25,1.13986
2019-06-26,1.13646
2019-06-27,1.13698
2019-06-28,1.13692
2019-07-01,1.13604
2019-07-02,1.12853
2019-07-03,1.12868
2019-07-04,1.12778
2019-07-05,1.12827
2019-07-08,1.12227
2019-07-09,1.12143
2019-07-10,1.1207
2019-07-11,1.12529
2019-07-12,1.12537
2019-07-15,1.12665
2019-07-16,1.12578
2019-07-17,1.12106
2019-07-18,1.12246
2019-07-19,1.12773
2019-07-22,1.1214
2019-07-23,1.12091
2019-07-24,1.11511
2019-07-25,1.11394
2019-07-26,1.11465
2019-07-29,1.11235
2019-07-30,1.11448
2019-07-31,1.11546
2019-08-01,1.10786
2019-08-02,1.10813
2019-08-05,1.11051
2019-08-06,1.12035
2019-08-07,1.11998
2019-08-08,1.1202
2019-08-09,1.11825
2019-08-12,1.11989
2019-08-13,1.1215
2019-08-14,1.11706
2019-08-15,1.1137
2019-08-16,1.11066
2019-08-19,1.10928
2019-08-20,1.10774
2019-08-21,1.11008
2019-08-22,1.10852
2019-08-23,1.10798
2019-08-26,1.11479
2019-08-27,1.11009
2019-08-28,1.10907
2019-08-29,1.10789
2019-08-30,1.10565
2019-09-02,1.09893
2019-09-03,1.09684
2019-09-04,1.09736
2019-09-05,1.10348
2019-09-06,1.10347
2019-09-09,1.10259
2019-09-10,1.10476
2019-09-11,1.10423
2019-09-12,1.10091
2019-09-13,1.10663
2019-09-16,1.10737
2019-09-17,1.10004
2019-09-18,1.10713
2019-09-19,1.10281
2019-09-20,1.1041
2019-09-23,1.10118
2019-09-24,1.09935
2019-09-25,1.10199
2019-09-26,1.09425
2019-09-27,1.09194
2019-09-30,1.09411
2019-10-01,1.08993
2019-10-02,1.0932
2019-10-03,1.09619
2019-10-04,1.09641
2019-10-07,1.09813
2019-10-08,1.09702
2019-10-09,1.0957
2019-10-10,1.09735
2019-10-11,1.10054
2019-10-14,1.10315
2019-10-15,1.10262
2019-10-16,1.10305
2019-10-17,1.1072
2019-10-18,1.11245
2019-10-21,1.11625
2019-10-22,1.11492
2019-10-23,1.11256
2019-10-24,1.11298
2019-10-25,1.11065
2019-10-28,1.1078
2019-10-29,1.1099
2019-10-30,1.1114
2019-10-31,1.11494
2019-11-01,1.11512
2019-11-04,1.11696
2019-11-05,1.1127
2019-11-06,1.10718
2019-11-07,1.10681
2019-11-08,1.10482
2019-11-11,1.1022
2019-11-12,1.10324
2019-11-13,1.10087
2019-11-14,1.10071
2019-11-15,1.10208
2019-11-18,1.105
2019-11-19,1.10741
2019-11-20,1.10779
2019-11-21,1.10747
2019-11-22,1.10587
2019-11-25,1.10175
2019-11-26,1.10096
2019-11-27,1.1024
2019-11-28,1.1001
2019-11-29,1.10082
2019-12-02,1.1024
2019-12-03,1.10812
2019-12-04,1.10812
2019-12-05,1.10797
2019-12-06,1.11032
2019-12-09,1.1058
2019-12-10,1.10646
2019-12-11,1.10952
2019-12-12,1.11364
2019-12-13,1.11276
2019-12-16,1.11286
2019-12-17,1.11447
2019-12-18,1.11461
2019-12-19,1.11175
2019-12-20,1.11226
2019-12-23,1.1081
2019-12-24,1.10915
2019-12-25,1.10849
2019-12-26,1.10821
2019-12-27,1.11007
2019-12-30,1.11746
2019-12-31,1.11995
2020-01-01,1.12151
2020-01-02,1.12076
2020-01-03,1.11712
2020-01-06,1.11663
2020-01-07,1.11931
2020-01-08,1.11444
2020-01-09,1.11097
2020-01-10,1.11059
2020-01-13,1.11183
2020-01-14,1.11372
2020-01-15,1.1128
2020-01-16,1.11513
2020-01-17,1.11372
2020-01-20,1.10914
2020-01-21,1.10967
2020-01-22,1.10862
2020-01-23,1.10926
2020-01-24,1.10561
2020-01-27,1.10306
2020-01-28,1.10183
2020-01-29,1.10212
2020-01-30,1.10019
2020-01-31,1.10324
2020-02-03,1.10921
2020-02-04,1.10588
2020-02-05,1.10452
2020-02-06,1.09995
2020-02-07,1.09788
2020-02-10,1.0943
2020-02-11,1.09134
2020-02-12,1.09194
2020-02-13,1.08749
2020-02-14,1.08408
2020-02-17,1.08407
2020-02-18,1.0833
2020-02-19,1.07953
2020-02-20,1.08081
2020-02-21,1.07891
2020-02-24,1.08246
2020-02-25,1.08515
2020-02-26,1.0884
2020-02-27,1.08833
2020-02-28,1.09927
2020-03-02,1.10437
2020-03-03,1.1124
2020-03-04,1.1178
2020-03-05,1.11369
2020-03-06,1.12256
2020-03-09,1.13449
2020-03-10,1.14329
2020-03-11,1.12806
2020-03-12,1.12665
2020-03-13,1.1184
2020-03-16,1.11336
2020-03-17,1.11768
2020-03-18,1.09954
2020-03-19,1.09132
2020-03-20,1.06863
2020-03-23,1.06929
2020-03-24,1.07241
2020-03-25,1.07761
2020-03-26,1.08791
2020-03-27,1.10311
2020-03-30,1.11172
2020-03-31,1.10427
2020-04-01,1.10323
2020-04-02,1.09644
2020-04-03,1.08557
2020-04-06,1.08118
2020-04-07,1.07924
2020-04-08,1.08908
2020-04-09,1.08551
2020-04-10,1.09294
2020-04-13,1.09444
2020-04-14,1.091
2020-04-15,1.09819
2020-04-16,1.09103
2020-04-17,1.08379
2020-04-20,1.08711
2020-04-21,1.08614
2020-04-22,1.08584
2020-04-23,1.08228
2020-04-24,1.07739
2020-04-27,1.0822
2020-04-28,1.08296
2020-04-29,1.08194
2020-04-30,1.08729
2020-05-01,1.09535
2020-05-04,1.09702
2020-05-05,1.09049
2020-05-06,1.08424
2020-05-07,1.07912
2020-05-08,1.08328
2020-05-11,1.08257
2020-05-12,1.0806
2020-05-13,1.08479
2020-05-14,1.08175
2020-05-15,1.08038
2020-05-18,1.08067
2020-05-19,1.09179
2020-05-20,1.09242
2020-05-21,1.09816
2020-05-22,1.09499
2020-05-25,1.08956
2020-05-26,1.08966
2020-05-27,1.09816
2020-05-28,1.10064
2020-05-29,1.10738
2020-06-01,1.11166
2020-06-02,1.11352
2020-06-03,1.11694
2020-06-04,1.12342
2020-06-05,1.13369
2020-06-08,1.1297
2020-06-09,1.12921
2020-06-10,1.13388
2020-06-11,1.13755
2020-06-12,1.12938
2020-06-15,1.12351
2020-06-16,1.13208
2020-06-17,1.12606
2020-06-18,1.12422
2020-06-19,1.12056
2020-06-22,1.11821
2020-06-23,1.12621
2020-06-24,1.13099
2020-06-25,1.12523
2020-06-26,1.1218
2020-06-29,1.12199
2020-06-30,1.12349
2020-07-01,1.12347
2020-07-02,1.12509
2020-07-03,1.1236
2020-07-06,1.12433
2020-07-07,1.13096
2020-07-08,1.12736
2020-07-09,1.13298
2020-07-10,1.12841
2020-07-13,1.13037
2020-07-14,1.13423
2020-07-15,1.14013
2020-07-16,1.14093
2020-07-17,1.13843
2020-07-20,1.14084
2020-07-21,1.14454
2020-07-22,1.15277
2020-07-23,1.15687
2020-07-24,1.15949
2020-07-27,1.16441
2020-07-28,1.1752
2020-07-29,1.17161
2020-07-30,1.17884
2020-07-31,1.18459
2020-08-03,1.17726
2020-08-04,1.17626
2020-08-05,1.17992
2020-08-06,1.18619
2020-08-07,1.1874
2020-08-10,1.17871
2020-08-11,1.1736
2020-08-12,1.17392
2020-08-13,1.17857
2020-08-14,1.18132
2020-08-17,1.18396
2020-08-18,1.18695
2020-08-19,1.19304
2020-08-20,1.18381
2020-08-21,1.18596
2020-08-24,1.17914
2020-08-25,1.17911
2020-08-26,1.18345
2020-08-27,1.18305
2020-08-28,1.18197
2020-08-31,1.19021
2020-09-01,1.19368
2020-09-02,1.19129
2020-09-03,1.18527
2020-09-04,1.18507
2020-09-07,1.18466
2020-09-08,1.18141
2020-09-09,1.17752
2020-09-10,1.18029
2020-09-11,1.18144
2020-09-14,1.18369
2020-09-15,1.1863
2020-09-16,1.18479
2020-09-17,1.18155
2020-09-18,1.18487
2020-09-21,1.18439
2020-09-22,1.177
2020-09-23,1.17075
2020-09-24,1.16631
2020-09-25,1.16747
2020-09-28,1.16236
2020-09-29,1.16653
2020-09-30,1.17432
2020-10-01,1.1721
2020-10-02,1.1745
2020-10-05,1.17137
2020-10-06,1.1783
2020-10-07,1.17334
2020-10-08,1.1763
2020-10-09,1.17595
2020-10-12,1.18168
2020-10-13,1.18125
2020-10-14,1.17455
2020-10-15,1.17461
